{"cameraMode":{"drawMode":0,"name":"Shaded","section":"Shading Mode"},"sceneLighting":false,"audioPlay":false,"sceneViewState":{"showFog":true,"showMaterialUpdate":false,"showSkybox":false,"showFlares":true,"showImageEffects":true,"showParticleSystems":true,"showVisualEffectGraphs":true,"m_FxEnabled":true},"in2DMode":false,"pivot":{"x":-5.432604789733887,"y":2.4866912364959719,"z":-40.05189514160156},"rotation":{"x":0.0026018470525741579,"y":0.8158999681472778,"z":-0.003671567887067795,"w":0.5781779289245606},"size":3.483156681060791,"orthographic":false}